{"cameraMode":{"drawMode":0,"name":"Shaded","section":"Shading Mode"},"sceneLighting":true,"audioPlay":false,"sceneViewState":{"m_AlwaysRefresh":false,"showFog":true,"showSkybox":true,"showFlares":true,"showImageEffects":true,"showParticleSystems":true,"showVisualEffectGraphs":true,"m_FxEnabled":true},"in2DMode":false,"pivot":{"x":2.3856325149536135,"y":-0.20920801162719727,"z":-2.239058017730713},"rotation":{"x":-0.25742006301879885,"y":0.44115763902664187,"z":-0.13372088968753816,"w":-0.8492571115493774},"size":5.245903015136719,"orthographic":false}